{
	"__comment": "Delluna",
	"textures": {
		"voxels_atlas": "item/voxels_atlas"
	},
	"elements": [ 	 
		{
			"__comment": "Voxels",
			"from": [ 7, 15, 3 ],
			"to": [ 7.5, 15.5, 3.5 ],
			"faces": {
				"down": { "uv": [ 11.25, 8.75, 11.5, 9 ], "texture": "#voxels_atlas" },
				"up": { "uv": [ 11.25, 8.75, 11.5, 8.5 ], "texture": "#voxels_atlas" },
				"north": { "uv": [ 11.5, 8.25, 11.25, 8.5 ], "texture": "#voxels_atlas" },
				"south": { "uv": [ 11.25, 8, 11.5, 8.25 ], "texture": "#voxels_atlas" },
				"west": { "uv": [ 12, 12.25, 12.25, 12.5 ], "texture": "#voxels_atlas" },
				"east": { "uv": [ 12.5, 12.25, 12.25, 12.5 ], "texture": "#voxels_atlas" }
			}
		},
		{
			"__comment": "Voxels",
			"from": [ 7, 17, 3 ],
			"to": [ 8.5, 17.5, 3.5 ],
			"faces": {
				"down": { "uv": [ 11, 14.5, 11.75, 14.75 ], "texture": "#voxels_atlas" },
				"up": { "uv": [ 11.75, 14.75, 12.5, 14.5 ], "texture": "#voxels_atlas" },
				"north": { "uv": [ 9.5, 14.25, 8.75, 14.5 ], "texture": "#voxels_atlas" },
				"south": { "uv": [ 8.75, 14, 9.5, 14.25 ], "texture": "#voxels_atlas" },
				"west": { "uv": [ 12.5, 12.25, 12.75, 12.5 ], "texture": "#voxels_atlas" },
				"east": { "uv": [ 13, 12.25, 12.75, 12.5 ], "texture": "#voxels_atlas" }
			}
		},
		{
			"__comment": "Voxels",
			"from": [ 7, 18.5, 3 ],
			"to": [ 7.5, 19, 3.5 ],
			"faces": {
				"down": { "uv": [ 13.5, 12.25, 13.75, 12.5 ], "texture": "#voxels_atlas" },
				"up": { "uv": [ 13.75, 12.5, 14, 12.25 ], "texture": "#voxels_atlas" },
				"north": { "uv": [ 14.25, 12.25, 14, 12.5 ], "texture": "#voxels_atlas" },
				"south": { "uv": [ 14.25, 12.25, 14.5, 12.5 ], "texture": "#voxels_atlas" },
				"west": { "uv": [ 11.5, 11.5, 11.75, 11.75 ], "texture": "#voxels_atlas" },
				"east": { "uv": [ 11.75, 10.75, 11.5, 11 ], "texture": "#voxels_atlas" }
			}
		},
		{
			"__comment": "Voxels",
			"from": [ 7.5, -6, 3 ],
			"to": [ 10, -5, 3.5 ],
			"faces": {
				"down": { "uv": [ 4, 9.25, 5.25, 9.5 ], "texture": "#voxels_atlas" },
				"up": { "uv": [ 5.5, 12, 6.75, 11.75 ], "texture": "#voxels_atlas" },
				"north": { "uv": [ 3, 15, 1.75, 15.5 ], "texture": "#voxels_atlas" },
				"south": { "uv": [ 1.75, 15.5, 3, 16 ], "texture": "#voxels_atlas" },
				"west": { "uv": [ 9.75, 10.75, 10, 11.25 ], "texture": "#voxels_atlas" },
				"east": { "uv": [ 10, 11.25, 9.75, 11.75 ], "texture": "#voxels_atlas" }
			}
		},
		{
			"__comment": "Voxels",
			"from": [ 7.5, -5, 3.5 ],
			"to": [ 9.5, -4.5, 4 ],
			"faces": {
				"down": { "uv": [ 6.75, 13, 7.75, 13.25 ], "texture": "#voxels_atlas" },
				"up": { "uv": [ 6.75, 12.5, 7.75, 12.25 ], "texture": "#voxels_atlas" },
				"north": { "uv": [ 7.75, 12, 6.75, 12.25 ], "texture": "#voxels_atlas" },
				"south": { "uv": [ 6.75, 11.25, 7.75, 11.5 ], "texture": "#voxels_atlas" },
				"west": { "uv": [ 11.5, 10, 11.75, 10.25 ], "texture": "#voxels_atlas" },
				"east": { "uv": [ 11.75, 9.75, 11.5, 10 ], "texture": "#voxels_atlas" }
			}
		},
		{
			"__comment": "Voxels",
			"from": [ 7.5, -4.5, 3 ],
			"to": [ 9.5, -4, 3.5 ],
			"faces": {
				"down": { "uv": [ 6.75, 11, 7.75, 11.25 ], "texture": "#voxels_atlas" },
				"up": { "uv": [ 6.75, 10, 7.75, 9.75 ], "texture": "#voxels_atlas" },
				"north": { "uv": [ 7.75, 9.5, 6.75, 9.75 ], "texture": "#voxels_atlas" },
				"south": { "uv": [ 6.75, 9.25, 7.75, 9.5 ], "texture": "#voxels_atlas" },
				"west": { "uv": [ 11.5, 9.5, 11.75, 9.75 ], "texture": "#voxels_atlas" },
				"east": { "uv": [ 11.75, 9.25, 11.5, 9.5 ], "texture": "#voxels_atlas" }
			}
		},
		{
			"__comment": "Voxels",
			"from": [ 7.5, 6.5, 3 ],
			"to": [ 9.5, 7.5, 3.5 ],
			"faces": {
				"down": { "uv": [ 6.75, 8.75, 7.75, 9 ], "texture": "#voxels_atlas" },
				"up": { "uv": [ 6.75, 8.75, 7.75, 8.5 ], "texture": "#voxels_atlas" },
				"north": { "uv": [ 2.75, 12.25, 1.75, 12.75 ], "texture": "#voxels_atlas" },
				"south": { "uv": [ 1.75, 12.75, 2.75, 13.25 ], "texture": "#voxels_atlas" },
				"west": { "uv": [ 9.75, 12.75, 10, 13.25 ], "texture": "#voxels_atlas" },
				"east": { "uv": [ 10, 13.25, 9.75, 13.75 ], "texture": "#voxels_atlas" }
			}
		},
		{
			"__comment": "Voxels",
			"from": [ 7.5, 14.5, 3 ],
			"to": [ 12, 15, 3.5 ],
			"faces": {
				"down": { "uv": [ 3, 14.5, 5.25, 14.75 ], "texture": "#voxels_atlas" },
				"up": { "uv": [ 3, 14.5, 5.25, 14.25 ], "texture": "#voxels_atlas" },
				"north": { "uv": [ 5.25, 14, 3, 14.25 ], "texture": "#voxels_atlas" },
				"south": { "uv": [ 3, 15.75, 5.25, 16 ], "texture": "#voxels_atlas" },
				"west": { "uv": [ 11.5, 8.5, 11.75, 8.75 ], "texture": "#voxels_atlas" },
				"east": { "uv": [ 12, 12, 11.75, 12.25 ], "texture": "#voxels_atlas" }
			}
		},
		{
			"__comment": "Voxels",
			"from": [ 7.5, 16.5, 3 ],
			"to": [ 8, 17, 3.5 ],
			"faces": {
				"down": { "uv": [ 12, 12, 12.25, 12.25 ], "texture": "#voxels_atlas" },
				"up": { "uv": [ 12.25, 12.25, 12.5, 12 ], "texture": "#voxels_atlas" },
				"north": { "uv": [ 13, 12, 12.75, 12.25 ], "texture": "#voxels_atlas" },
				"south": { "uv": [ 13, 12, 13.25, 12.25 ], "texture": "#voxels_atlas" },
				"west": { "uv": [ 13.25, 12, 13.5, 12.25 ], "texture": "#voxels_atlas" },
				"east": { "uv": [ 14.25, 12, 14, 12.25 ], "texture": "#voxels_atlas" }
			}
		},
		{
			"__comment": "Voxels",
			"from": [ 7.5, 17, 2.5 ],
			"to": [ 8, 17.5, 3 ],
			"faces": {
				"down": { "uv": [ 14.25, 12, 14.5, 12.25 ], "texture": "#voxels_atlas" },
				"up": { "uv": [ 14.5, 12.25, 14.75, 12 ], "texture": "#voxels_atlas" },
				"north": { "uv": [ 15, 12, 14.75, 12.25 ], "texture": "#voxels_atlas" },
				"south": { "uv": [ 12.5, 11.75, 12.75, 12 ], "texture": "#voxels_atlas" },
				"west": { "uv": [ 12.75, 11.75, 13, 12 ], "texture": "#voxels_atlas" },
				"east": { "uv": [ 13.25, 11.75, 13, 12 ], "texture": "#voxels_atlas" }
			}
		},
		{
			"__comment": "Voxels",
			"from": [ 7.5, 17, 3.5 ],
			"to": [ 8, 17.5, 4 ],
			"faces": {
				"down": { "uv": [ 13.25, 11.75, 13.5, 12 ], "texture": "#voxels_atlas" },
				"up": { "uv": [ 14.5, 12, 14.75, 11.75 ], "texture": "#voxels_atlas" },
				"north": { "uv": [ 15, 11.75, 14.75, 12 ], "texture": "#voxels_atlas" },
				"south": { "uv": [ 12, 9.5, 12.25, 9.75 ], "texture": "#voxels_atlas" },
				"west": { "uv": [ 12, 9.25, 12.25, 9.5 ], "texture": "#voxels_atlas" },
				"east": { "uv": [ 13.75, 11.5, 13.5, 11.75 ], "texture": "#voxels_atlas" }
			}
		},
		{
			"__comment": "Voxels",
			"from": [ 7.5, 17.5, 3 ],
			"to": [ 8, 18, 3.5 ],
			"faces": {
				"down": { "uv": [ 13.75, 11.5, 14, 11.75 ], "texture": "#voxels_atlas" },
				"up": { "uv": [ 14, 11.75, 14.25, 11.5 ], "texture": "#voxels_atlas" },
				"north": { "uv": [ 14.5, 11.5, 14.25, 11.75 ], "texture": "#voxels_atlas" },
				"south": { "uv": [ 15.5, 11.5, 15.75, 11.75 ], "texture": "#voxels_atlas" },
				"west": { "uv": [ 15.75, 11.5, 16, 11.75 ], "texture": "#voxels_atlas" },
				"east": { "uv": [ 12.5, 11.25, 12.25, 11.5 ], "texture": "#voxels_atlas" }
			}
		},
		{
			"__comment": "Voxels",
			"from": [ 7.5, 19, 3 ],
			"to": [ 12, 19.5, 3.5 ],
			"faces": {
				"down": { "uv": [ 3, 15.5, 5.25, 15.75 ], "texture": "#voxels_atlas" },
				"up": { "uv": [ 3, 15.25, 5.25, 15 ], "texture": "#voxels_atlas" },
				"north": { "uv": [ 5.25, 14.75, 3, 15 ], "texture": "#voxels_atlas" },
				"south": { "uv": [ 3, 15.25, 5.25, 15.5 ], "texture": "#voxels_atlas" },
				"west": { "uv": [ 12.25, 11, 12.5, 11.25 ], "texture": "#voxels_atlas" },
				"east": { "uv": [ 5.25, 9.75, 5, 10 ], "texture": "#voxels_atlas" }
			}
		},
		{
			"__comment": "Voxels",
			"from": [ 8, -7, 3 ],
			"to": [ 9.5, -6, 3.5 ],
			"faces": {
				"down": { "uv": [ 8.75, 12.5, 9.5, 12.75 ], "texture": "#voxels_atlas" },
				"up": { "uv": [ 8.75, 12.5, 9.5, 12.25 ], "texture": "#voxels_atlas" },
				"north": { "uv": [ 2.75, 8.25, 2, 8.75 ], "texture": "#voxels_atlas" },
				"south": { "uv": [ 3, 11.5, 3.75, 12 ], "texture": "#voxels_atlas" },
				"west": { "uv": [ 5.25, 8, 5.5, 8.5 ], "texture": "#voxels_atlas" },
				"east": { "uv": [ 10.25, 10.5, 10, 11 ], "texture": "#voxels_atlas" }
			}
		},
		{
			"__comment": "Voxels",
			"from": [ 8, -6.5, 2.5 ],
			"to": [ 9.5, -4.5, 3 ],
			"faces": {
				"down": { "uv": [ 8.75, 12, 9.5, 12.25 ], "texture": "#voxels_atlas" },
				"up": { "uv": [ 8.75, 12, 9.5, 11.75 ], "texture": "#voxels_atlas" },
				"north": { "uv": [ 0.75, 12, 0, 13 ], "texture": "#voxels_atlas" },
				"south": { "uv": [ 0, 11, 0.75, 12 ], "texture": "#voxels_atlas" },
				"west": { "uv": [ 8, 13.25, 8.25, 14.25 ], "texture": "#voxels_atlas" },
				"east": { "uv": [ 1.75, 13, 1.5, 14 ], "texture": "#voxels_atlas" }
			}
		},
		{
			"__comment": "Voxels",
			"from": [ 8, -6.5, 3.5 ],
			"to": [ 9.5, -5, 4 ],
			"faces": {
				"down": { "uv": [ 8.75, 11.5, 9.5, 11.75 ], "texture": "#voxels_atlas" },
				"up": { "uv": [ 8.75, 11.5, 9.5, 11.25 ], "texture": "#voxels_atlas" },
				"north": { "uv": [ 1.5, 8.25, 0.75, 9 ], "texture": "#voxels_atlas" },
				"south": { "uv": [ 1.75, 14.25, 2.5, 15 ], "texture": "#voxels_atlas" },
				"west": { "uv": [ 8.25, 9.25, 8.5, 10 ], "texture": "#voxels_atlas" },
				"east": { "uv": [ 8.75, 9.25, 8.5, 10 ], "texture": "#voxels_atlas" }
			}
		},
		{
			"__comment": "Voxels",
			"from": [ 8, -5.5, 4 ],
			"to": [ 9, -5, 4.5 ],
			"faces": {
				"down": { "uv": [ 4.75, 10, 5.25, 10.25 ], "texture": "#voxels_atlas" },
				"up": { "uv": [ 4.75, 13.25, 5.25, 13 ], "texture": "#voxels_atlas" },
				"north": { "uv": [ 5.25, 13.25, 4.75, 13.5 ], "texture": "#voxels_atlas" },
				"south": { "uv": [ 4.75, 13.5, 5.25, 13.75 ], "texture": "#voxels_atlas" },
				"west": { "uv": [ 5, 9.5, 5.25, 9.75 ], "texture": "#voxels_atlas" },
				"east": { "uv": [ 6.75, 11.5, 6.5, 11.75 ], "texture": "#voxels_atlas" }
			}
		},
		{
			"__comment": "Voxels",
			"from": [ 8, -5, 3 ],
			"to": [ 9.5, -4.5, 3.5 ],
			"faces": {
				"down": { "uv": [ 8.75, 9, 9.5, 9.25 ], "texture": "#voxels_atlas" },
				"up": { "uv": [ 8.75, 9, 9.5, 8.75 ], "texture": "#voxels_atlas" },
				"north": { "uv": [ 10.5, 14.25, 9.75, 14.5 ], "texture": "#voxels_atlas" },
				"south": { "uv": [ 10.5, 14.25, 11.25, 14.5 ], "texture": "#voxels_atlas" },
				"west": { "uv": [ 6.5, 11.25, 6.75, 11.5 ], "texture": "#voxels_atlas" },
				"east": { "uv": [ 6.75, 11, 6.5, 11.25 ], "texture": "#voxels_atlas" }
			}
		},
		{
			"__comment": "Voxels",
			"from": [ 8, -4, 2.5 ],
			"to": [ 9, -3.5, 3.5 ],
			"faces": {
				"down": { "uv": [ 6, 13.75, 6.5, 14.25 ], "texture": "#voxels_atlas" },
				"up": { "uv": [ 6, 10.5, 6.5, 10 ], "texture": "#voxels_atlas" },
				"north": { "uv": [ 3, 8.75, 2.5, 9 ], "texture": "#voxels_atlas" },
				"south": { "uv": [ 2.5, 14.25, 3, 14.5 ], "texture": "#voxels_atlas" },
				"west": { "uv": [ 10.5, 13.25, 11, 13.5 ], "texture": "#voxels_atlas" },
				"east": { "uv": [ 15.75, 13.5, 15.25, 13.75 ], "texture": "#voxels_atlas" }
			}
		},
		{
			"__comment": "Voxels",
			"from": [ 8, -3.5, 3 ],
			"to": [ 9.5, -1.5, 3.5 ],
			"faces": {
				"down": { "uv": [ 4.5, 12.75, 5.25, 13 ], "texture": "#voxels_atlas" },
				"up": { "uv": [ 4.5, 12.75, 5.25, 12.5 ], "texture": "#voxels_atlas" },
				"north": { "uv": [ 1.5, 11, 0.75, 12 ], "texture": "#voxels_atlas" },
				"south": { "uv": [ 0.75, 13, 1.5, 14 ], "texture": "#voxels_atlas" },
				"west": { "uv": [ 6.5, 8.5, 6.75, 9.5 ], "texture": "#voxels_atlas" },
				"east": { "uv": [ 7, 14.25, 6.75, 15.25 ], "texture": "#voxels_atlas" }
			}
		},
		{
			"__comment": "Voxels",
			"from": [ 8, 0.5, 3 ],
			"to": [ 10, 1, 3.5 ],
			"faces": {
				"down": { "uv": [ 6.75, 14, 7.75, 14.25 ], "texture": "#voxels_atlas" },
				"up": { "uv": [ 6.75, 14, 7.75, 13.75 ], "texture": "#voxels_atlas" },
				"north": { "uv": [ 7.75, 13.5, 6.75, 13.75 ], "texture": "#voxels_atlas" },
				"south": { "uv": [ 6.75, 13.25, 7.75, 13.5 ], "texture": "#voxels_atlas" },
				"west": { "uv": [ 6.5, 10.75, 6.75, 11 ], "texture": "#voxels_atlas" },
				"east": { "uv": [ 16, 14.25, 15.75, 14.5 ], "texture": "#voxels_atlas" }
			}
		},
		{
			"__comment": "Voxels",
			"from": [ 8, 6, 3.5 ],
			"to": [ 9.5, 6.5, 4 ],
			"faces": {
				"down": { "uv": [ 4.5, 10.75, 5.25, 11 ], "texture": "#voxels_atlas" },
				"up": { "uv": [ 4.5, 10.75, 5.25, 10.5 ], "texture": "#voxels_atlas" },
				"north": { "uv": [ 5.25, 10.25, 4.5, 10.5 ], "texture": "#voxels_atlas" },
				"south": { "uv": [ 6, 13.5, 6.75, 13.75 ], "texture": "#voxels_atlas" },
				"west": { "uv": [ 9.75, 8, 10, 8.25 ], "texture": "#voxels_atlas" },
				"east": { "uv": [ 16, 13.75, 15.75, 14 ], "texture": "#voxels_atlas" }
			}
		},
		{
			"__comment": "Voxels",
			"from": [ 8, 7.5, 2.5 ],
			"to": [ 9, 8, 3.5 ],
			"faces": {
				"down": { "uv": [ 6.75, 11.5, 7.25, 12 ], "texture": "#voxels_atlas" },
				"up": { "uv": [ 7.25, 12, 7.75, 11.5 ], "texture": "#voxels_atlas" },
				"north": { "uv": [ 15.25, 13.5, 14.75, 13.75 ], "texture": "#voxels_atlas" },
				"south": { "uv": [ 14.25, 13.5, 14.75, 13.75 ], "texture": "#voxels_atlas" },
				"west": { "uv": [ 12.25, 13.5, 12.75, 13.75 ], "texture": "#voxels_atlas" },
				"east": { "uv": [ 12.25, 13.5, 11.75, 13.75 ], "texture": "#voxels_atlas" }
			}
		},
		{
			"__comment": "Voxels",
			"from": [ 8, 8, 3 ],
			"to": [ 9.5, 9, 3.5 ],
			"faces": {
				"down": { "uv": [ 9.25, 15, 10, 15.25 ], "texture": "#voxels_atlas" },
				"up": { "uv": [ 10, 15.25, 10.75, 15 ], "texture": "#voxels_atlas" },
				"north": { "uv": [ 3.75, 11, 3, 11.5 ], "texture": "#voxels_atlas" },
				"south": { "uv": [ 3.75, 11, 4.5, 11.5 ], "texture": "#voxels_atlas" },
				"west": { "uv": [ 10.25, 13, 10.5, 13.5 ], "texture": "#voxels_atlas" },
				"east": { "uv": [ 10.25, 8, 10, 8.5 ], "texture": "#voxels_atlas" }
			}
		},
		{
			"__comment": "Voxels",
			"from": [ 8, 14, 3 ],
			"to": [ 11.5, 14.5, 3.5 ],
			"faces": {
				"down": { "uv": [ 3, 13.75, 4.75, 14 ], "texture": "#voxels_atlas" },
				"up": { "uv": [ 3, 13.75, 4.75, 13.5 ], "texture": "#voxels_atlas" },
				"north": { "uv": [ 4.75, 13, 3, 13.25 ], "texture": "#voxels_atlas" },
				"south": { "uv": [ 3, 13.25, 4.75, 13.5 ], "texture": "#voxels_atlas" },
				"west": { "uv": [ 15.75, 13.5, 16, 13.75 ], "texture": "#voxels_atlas" },
				"east": { "uv": [ 16, 13.25, 15.75, 13.5 ], "texture": "#voxels_atlas" }
			}
		},
		{
			"__comment": "Voxels",
			"from": [ 8.5, -7.5, 3 ],
			"to": [ 9, -7, 3.5 ],
			"faces": {
				"down": { "uv": [ 10.5, 10, 10.75, 10.25 ], "texture": "#voxels_atlas" },
				"up": { "uv": [ 10.5, 10, 10.75, 9.75 ], "texture": "#voxels_atlas" },
				"north": { "uv": [ 10.75, 9, 10.5, 9.25 ], "texture": "#voxels_atlas" },
				"south": { "uv": [ 10.5, 8.75, 10.75, 9 ], "texture": "#voxels_atlas" },
				"west": { "uv": [ 10.5, 8.5, 10.75, 8.75 ], "texture": "#voxels_atlas" },
				"east": { "uv": [ 10.75, 8.25, 10.5, 8.5 ], "texture": "#voxels_atlas" }
			}
		},
		{
			"__comment": "Voxels",
			"from": [ 8.5, -7, 2.5 ],
			"to": [ 9, -6.5, 3 ],
			"faces": {
				"down": { "uv": [ 11, 13, 11.25, 13.25 ], "texture": "#voxels_atlas" },
				"up": { "uv": [ 11.25, 13.25, 11.5, 13 ], "texture": "#voxels_atlas" },
				"north": { "uv": [ 11.75, 13, 11.5, 13.25 ], "texture": "#voxels_atlas" },
				"south": { "uv": [ 11.75, 13, 12, 13.25 ], "texture": "#voxels_atlas" },
				"west": { "uv": [ 12.5, 13, 12.75, 13.25 ], "texture": "#voxels_atlas" },
				"east": { "uv": [ 13, 13, 12.75, 13.25 ], "texture": "#voxels_atlas" }
			}
		},
		{
			"__comment": "Voxels",
			"from": [ 8.5, -7, 3.5 ],
			"to": [ 9, -6.5, 4 ],
			"faces": {
				"down": { "uv": [ 13, 13, 13.25, 13.25 ], "texture": "#voxels_atlas" },
				"up": { "uv": [ 13.25, 13.25, 13.5, 13 ], "texture": "#voxels_atlas" },
				"north": { "uv": [ 14.25, 13, 14, 13.25 ], "texture": "#voxels_atlas" },
				"south": { "uv": [ 14.25, 13, 14.5, 13.25 ], "texture": "#voxels_atlas" },
				"west": { "uv": [ 14.5, 13, 14.75, 13.25 ], "texture": "#voxels_atlas" },
				"east": { "uv": [ 15, 13, 14.75, 13.25 ], "texture": "#voxels_atlas" }
			}
		},
		{
			"__comment": "Voxels",
			"from": [ 8.5, -6, 2 ],
			"to": [ 9, -5, 2.5 ],
			"faces": {
				"down": { "uv": [ 10.75, 10.25, 11, 10.5 ], "texture": "#voxels_atlas" },
				"up": { "uv": [ 10.75, 10.25, 11, 10 ], "texture": "#voxels_atlas" },
				"north": { "uv": [ 10, 11.75, 9.75, 12.25 ], "texture": "#voxels_atlas" },
				"south": { "uv": [ 9.75, 12.25, 10, 12.75 ], "texture": "#voxels_atlas" },
				"west": { "uv": [ 6.5, 9.5, 6.75, 10 ], "texture": "#voxels_atlas" },
				"east": { "uv": [ 10.75, 11.75, 10.5, 12.25 ], "texture": "#voxels_atlas" }
			}
		},
		{
			"__comment": "Voxels",
			"from": [ 8.5, -6, 4 ],
			"to": [ 9, -5.5, 4.5 ],
			"faces": {
				"down": { "uv": [ 10.75, 9.75, 11, 10 ], "texture": "#voxels_atlas" },
				"up": { "uv": [ 10.75, 9.75, 11, 9.5 ], "texture": "#voxels_atlas" },
				"north": { "uv": [ 11, 8.75, 10.75, 9 ], "texture": "#voxels_atlas" },
				"south": { "uv": [ 10.75, 8.5, 11, 8.75 ], "texture": "#voxels_atlas" },
				"west": { "uv": [ 10.75, 8.25, 11, 8.5 ], "texture": "#voxels_atlas" },
				"east": { "uv": [ 11, 8, 10.75, 8.25 ], "texture": "#voxels_atlas" }
			}
		},
		{
			"__comment": "Voxels",
			"from": [ 8.5, -4.5, 2.5 ],
			"to": [ 9, -4, 3 ],
			"faces": {
				"down": { "uv": [ 11.5, 12.75, 11.75, 13 ], "texture": "#voxels_atlas" },
				"up": { "uv": [ 11.75, 13, 12, 12.75 ], "texture": "#voxels_atlas" },
				"north": { "uv": [ 12.25, 12.75, 12, 13 ], "texture": "#voxels_atlas" },
				"south": { "uv": [ 12.25, 12.75, 12.5, 13 ], "texture": "#voxels_atlas" },
				"west": { "uv": [ 12.5, 12.75, 12.75, 13 ], "texture": "#voxels_atlas" },
				"east": { "uv": [ 13, 12.75, 12.75, 13 ], "texture": "#voxels_atlas" }
			}
		},
		{
			"__comment": "Voxels",
			"from": [ 8.5, -4.5, 3.5 ],
			"to": [ 9, -1, 4 ],
			"faces": {
				"down": { "uv": [ 13, 12.75, 13.25, 13 ], "texture": "#voxels_atlas" },
				"up": { "uv": [ 13.25, 13, 13.5, 12.75 ], "texture": "#voxels_atlas" },
				"north": { "uv": [ 2.25, 10.5, 2, 12.25 ], "texture": "#voxels_atlas" },
				"south": { "uv": [ 2.5, 10.5, 2.75, 12.25 ], "texture": "#voxels_atlas" },
				"west": { "uv": [ 2.25, 10.5, 2.5, 12.25 ], "texture": "#voxels_atlas" },
				"east": { "uv": [ 2, 10.5, 1.75, 12.25 ], "texture": "#voxels_atlas" }
			}
		},
		{
			"__comment": "Voxels",
			"from": [ 8.5, -3.5, 2.5 ],
			"to": [ 9.5, -2.5, 3 ],
			"faces": {
				"down": { "uv": [ 11.25, 13.5, 11.75, 13.75 ], "texture": "#voxels_atlas" },
				"up": { "uv": [ 10.75, 13.75, 11.25, 13.5 ], "texture": "#voxels_atlas" },
				"north": { "uv": [ 7.5, 10.5, 7, 11 ], "texture": "#voxels_atlas" },
				"south": { "uv": [ 12, 15.5, 12.5, 16 ], "texture": "#voxels_atlas" },
				"west": { "uv": [ 10, 9.5, 10.25, 10 ], "texture": "#voxels_atlas" },
				"east": { "uv": [ 10.25, 10, 10, 10.5 ], "texture": "#voxels_atlas" }
			}
		},
		{
			"__comment": "Voxels",
			"from": [ 8.5, -2.5, 2.5 ],
			"to": [ 9, -1, 3 ],
			"faces": {
				"down": { "uv": [ 14, 12.75, 14.25, 13 ], "texture": "#voxels_atlas" },
				"up": { "uv": [ 14.25, 13, 14.5, 12.75 ], "texture": "#voxels_atlas" },
				"north": { "uv": [ 8.75, 10, 8.5, 10.75 ], "texture": "#voxels_atlas" },
				"south": { "uv": [ 8, 9, 8.25, 9.75 ], "texture": "#voxels_atlas" },
				"west": { "uv": [ 8, 8.25, 8.25, 9 ], "texture": "#voxels_atlas" },
				"east": { "uv": [ 8.5, 13.75, 8.25, 14.5 ], "texture": "#voxels_atlas" }
			}
		},
		{
			"__comment": "Voxels",
			"from": [ 8.5, -1.5, 3 ],
			"to": [ 9.5, 0.5, 3.5 ],
			"faces": {
				"down": { "uv": [ 12.75, 13.5, 13.25, 13.75 ], "texture": "#voxels_atlas" },
				"up": { "uv": [ 13.25, 13.75, 13.75, 13.5 ], "texture": "#voxels_atlas" },
				"north": { "uv": [ 2.25, 13.25, 1.75, 14.25 ], "texture": "#voxels_atlas" },
				"south": { "uv": [ 2.25, 13.25, 2.75, 14.25 ], "texture": "#voxels_atlas" },
				"west": { "uv": [ 6.25, 8.5, 6.5, 9.5 ], "texture": "#voxels_atlas" },
				"east": { "uv": [ 6.25, 8.5, 6, 9.5 ], "texture": "#voxels_atlas" }
			}
		},
		{
			"__comment": "Voxels",
			"from": [ 8.5, -0.5, 3.5 ],
			"to": [ 9.5, 0.5, 4 ],
			"faces": {
				"down": { "uv": [ 12.25, 13.75, 12.75, 14 ], "texture": "#voxels_atlas" },
				"up": { "uv": [ 12.75, 14, 13.25, 13.75 ], "texture": "#voxels_atlas" },
				"north": { "uv": [ 7.75, 12.5, 7.25, 13 ], "texture": "#voxels_atlas" },
				"south": { "uv": [ 6.75, 12.5, 7.25, 13 ], "texture": "#voxels_atlas" },
				"west": { "uv": [ 10.25, 12.5, 10.5, 13 ], "texture": "#voxels_atlas" },
				"east": { "uv": [ 10, 10.25, 9.75, 10.75 ], "texture": "#voxels_atlas" }
			}
		},
		{
			"__comment": "Voxels",
			"from": [ 8.5, 1, 2.5 ],
			"to": [ 9.5, 1.5, 3.5 ],
			"faces": {
				"down": { "uv": [ 6, 14.25, 6.5, 14.75 ], "texture": "#voxels_atlas" },
				"up": { "uv": [ 6, 10, 6.5, 9.5 ], "texture": "#voxels_atlas" },
				"north": { "uv": [ 15, 14, 14.5, 14.25 ], "texture": "#voxels_atlas" },
				"south": { "uv": [ 14, 14, 14.5, 14.25 ], "texture": "#voxels_atlas" },
				"west": { "uv": [ 13.5, 14, 14, 14.25 ], "texture": "#voxels_atlas" },
				"east": { "uv": [ 13.5, 14, 13, 14.25 ], "texture": "#voxels_atlas" }
			}
		},
		{
			"__comment": "Voxels",
			"from": [ 8.5, 4, 3 ],
			"to": [ 10, 6, 3.5 ],
			"faces": {
				"down": { "uv": [ 8.75, 13.75, 9.5, 14 ], "texture": "#voxels_atlas" },
				"up": { "uv": [ 8.75, 13.75, 9.5, 13.5 ], "texture": "#voxels_atlas" },
				"north": { "uv": [ 1.5, 10, 0.75, 11 ], "texture": "#voxels_atlas" },
				"south": { "uv": [ 0.75, 9, 1.5, 10 ], "texture": "#voxels_atlas" },
				"west": { "uv": [ 7, 14.25, 7.25, 15.25 ], "texture": "#voxels_atlas" },
				"east": { "uv": [ 7.5, 14.25, 7.25, 15.25 ], "texture": "#voxels_atlas" }
			}
		},
		{
			"__comment": "Voxels",
			"from": [ 8.5, 5.5, 3.5 ],
			"to": [ 9.5, 6, 4 ],
			"faces": {
				"down": { "uv": [ 12.5, 14, 13, 14.25 ], "texture": "#voxels_atlas" },
				"up": { "uv": [ 12, 14.25, 12.5, 14 ], "texture": "#voxels_atlas" },
				"north": { "uv": [ 12, 14, 11.5, 14.25 ], "texture": "#voxels_atlas" },
				"south": { "uv": [ 10, 14, 10.5, 14.25 ], "texture": "#voxels_atlas" },
				"west": { "uv": [ 14.5, 12.75, 14.75, 13 ], "texture": "#voxels_atlas" },
				"east": { "uv": [ 15, 12.75, 14.75, 13 ], "texture": "#voxels_atlas" }
			}
		},
		{
			"__comment": "Voxels",
			"from": [ 8.5, 6, 2.5 ],
			"to": [ 9.5, 6.5, 3.5 ],
			"faces": {
				"down": { "uv": [ 8, 15.5, 8.5, 16 ], "texture": "#voxels_atlas" },
				"up": { "uv": [ 8.5, 16, 9, 15.5 ], "texture": "#voxels_atlas" },
				"north": { "uv": [ 5.25, 13.75, 4.75, 14 ], "texture": "#voxels_atlas" },
				"south": { "uv": [ 15.25, 14.25, 15.75, 14.5 ], "texture": "#voxels_atlas" },
				"west": { "uv": [ 14.75, 14.25, 15.25, 14.5 ], "texture": "#voxels_atlas" },
				"east": { "uv": [ 14.75, 14.25, 14.25, 14.5 ], "texture": "#voxels_atlas" }
			}
		},
		{
			"__comment": "Voxels",
			"from": [ 8.5, 6.5, 2.5 ],
			"to": [ 9, 7.5, 3 ],
			"faces": {
				"down": { "uv": [ 15.5, 12.75, 15.75, 13 ], "texture": "#voxels_atlas" },
				"up": { "uv": [ 15.75, 13, 16, 12.75 ], "texture": "#voxels_atlas" },
				"north": { "uv": [ 9.75, 9.5, 9.5, 10 ], "texture": "#voxels_atlas" },
				"south": { "uv": [ 7.5, 10, 7.75, 10.5 ], "texture": "#voxels_atlas" },
				"west": { "uv": [ 7.5, 10.5, 7.75, 11 ], "texture": "#voxels_atlas" },
				"east": { "uv": [ 6.75, 8, 6.5, 8.5 ], "texture": "#voxels_atlas" }
			}
		},
		{
			"__comment": "Voxels",
			"from": [ 8.5, 6.5, 3.5 ],
			"to": [ 9, 9.5, 4 ],
			"faces": {
				"down": { "uv": [ 11, 12.5, 11.25, 12.75 ], "texture": "#voxels_atlas" },
				"up": { "uv": [ 11, 12.5, 11.25, 12.25 ], "texture": "#voxels_atlas" },
				"north": { "uv": [ 3.25, 8.75, 3, 10.25 ], "texture": "#voxels_atlas" },
				"south": { "uv": [ 3.25, 8.5, 3.5, 10 ], "texture": "#voxels_atlas" },
				"west": { "uv": [ 3.5, 8, 3.75, 9.5 ], "texture": "#voxels_atlas" },
				"east": { "uv": [ 4, 8, 3.75, 9.5 ], "texture": "#voxels_atlas" }
			}
		},
		{
			"__comment": "Voxels",
			"from": [ 8.5, 8, 2 ],
			"to": [ 9, 8.5, 3 ],
			"faces": {
				"down": { "uv": [ 5.75, 8, 6, 8.5 ], "texture": "#voxels_atlas" },
				"up": { "uv": [ 5.5, 8.5, 5.75, 8 ], "texture": "#voxels_atlas" },
				"north": { "uv": [ 11.25, 9.75, 11, 10 ], "texture": "#voxels_atlas" },
				"south": { "uv": [ 11, 9.5, 11.25, 9.75 ], "texture": "#voxels_atlas" },
				"west": { "uv": [ 15.5, 14.5, 16, 14.75 ], "texture": "#voxels_atlas" },
				"east": { "uv": [ 16, 14.75, 15.5, 15 ], "texture": "#voxels_atlas" }
			}
		},
		{
			"__comment": "Voxels",
			"from": [ 8.5, 8.5, 2.5 ],
			"to": [ 9.5, 9.5, 3 ],
			"faces": {
				"down": { "uv": [ 8.25, 8, 8.75, 8.25 ], "texture": "#voxels_atlas" },
				"up": { "uv": [ 8.25, 8.5, 8.75, 8.25 ], "texture": "#voxels_atlas" },
				"north": { "uv": [ 3, 14.5, 2.5, 15 ], "texture": "#voxels_atlas" },
				"south": { "uv": [ 4.5, 11, 5, 11.5 ], "texture": "#voxels_atlas" },
				"west": { "uv": [ 5, 11, 5.25, 11.5 ], "texture": "#voxels_atlas" },
				"east": { "uv": [ 3, 8.25, 2.75, 8.75 ], "texture": "#voxels_atlas" }
			}
		},
		{
			"__comment": "Voxels",
			"from": [ 8.5, 9, 3 ],
			"to": [ 10, 12, 3.5 ],
			"faces": {
				"down": { "uv": [ 4.5, 12.25, 5.25, 12.5 ], "texture": "#voxels_atlas" },
				"up": { "uv": [ 4.5, 12.25, 5.25, 12 ], "texture": "#voxels_atlas" },
				"north": { "uv": [ 0.75, 13, 0, 14.5 ], "texture": "#voxels_atlas" },
				"south": { "uv": [ 0, 14.5, 0.75, 16 ], "texture": "#voxels_atlas" },
				"west": { "uv": [ 2.5, 9, 2.75, 10.5 ], "texture": "#voxels_atlas" },
				"east": { "uv": [ 3, 9, 2.75, 10.5 ], "texture": "#voxels_atlas" }
			}
		},
		{
			"__comment": "Voxels",
			"from": [ 8.5, 10.5, 3.5 ],
			"to": [ 9.5, 11.5, 4 ],
			"faces": {
				"down": { "uv": [ 13.75, 13.75, 14.25, 14 ], "texture": "#voxels_atlas" },
				"up": { "uv": [ 13.25, 14, 13.75, 13.75 ], "texture": "#voxels_atlas" },
				"north": { "uv": [ 9.5, 15.5, 9, 16 ], "texture": "#voxels_atlas" },
				"south": { "uv": [ 9.5, 15.5, 10, 16 ], "texture": "#voxels_atlas" },
				"west": { "uv": [ 10, 8.5, 10.25, 9 ], "texture": "#voxels_atlas" },
				"east": { "uv": [ 10.25, 9, 10, 9.5 ], "texture": "#voxels_atlas" }
			}
		},
		{
			"__comment": "Voxels",
			"from": [ 8.5, 14, 2.5 ],
			"to": [ 9, 15, 3 ],
			"faces": {
				"down": { "uv": [ 11, 9.25, 11.25, 9.5 ], "texture": "#voxels_atlas" },
				"up": { "uv": [ 11, 9.25, 11.25, 9 ], "texture": "#voxels_atlas" },
				"north": { "uv": [ 10.25, 13, 10, 13.5 ], "texture": "#voxels_atlas" },
				"south": { "uv": [ 10, 13.5, 10.25, 14 ], "texture": "#voxels_atlas" },
				"west": { "uv": [ 9.75, 8.25, 10, 8.75 ], "texture": "#voxels_atlas" },
				"east": { "uv": [ 10, 8.75, 9.75, 9.25 ], "texture": "#voxels_atlas" }
			}
		},
		{
			"__comment": "Voxels",
			"from": [ 8.5, 14.5, 3.5 ],
			"to": [ 11.5, 15, 4 ],
			"faces": {
				"down": { "uv": [ 3.75, 11.75, 5.25, 12 ], "texture": "#voxels_atlas" },
				"up": { "uv": [ 3.5, 10, 5, 9.75 ], "texture": "#voxels_atlas" },
				"north": { "uv": [ 5, 9.5, 3.5, 9.75 ], "texture": "#voxels_atlas" },
				"south": { "uv": [ 3, 10.25, 4.5, 10.5 ], "texture": "#voxels_atlas" },
				"west": { "uv": [ 11, 8.75, 11.25, 9 ], "texture": "#voxels_atlas" },
				"east": { "uv": [ 13.75, 12.5, 13.5, 12.75 ], "texture": "#voxels_atlas" }
			}
		},
		{
			"__comment": "Voxels",
			"from": [ 8.5, 19, 2.5 ],
			"to": [ 11, 19.5, 3 ],
			"faces": {
				"down": { "uv": [ 4, 8.75, 5.25, 9 ], "texture": "#voxels_atlas" },
				"up": { "uv": [ 4, 9.25, 5.25, 9 ], "texture": "#voxels_atlas" },
				"north": { "uv": [ 6.75, 15.75, 5.5, 16 ], "texture": "#voxels_atlas" },
				"south": { "uv": [ 4, 8, 5.25, 8.25 ], "texture": "#voxels_atlas" },
				"west": { "uv": [ 13.75, 12.5, 14, 12.75 ], "texture": "#voxels_atlas" },
				"east": { "uv": [ 14.25, 12.5, 14, 12.75 ], "texture": "#voxels_atlas" }
			}
		},
		{
			"__comment": "Voxels",
			"from": [ 8.5, 19, 3.5 ],
			"to": [ 10.5, 19.5, 4 ],
			"faces": {
				"down": { "uv": [ 0.75, 8, 1.75, 8.25 ], "texture": "#voxels_atlas" },
				"up": { "uv": [ 2, 8.25, 3, 8 ], "texture": "#voxels_atlas" },
				"north": { "uv": [ 6.5, 11.5, 5.5, 11.75 ], "texture": "#voxels_atlas" },
				"south": { "uv": [ 5.5, 11.25, 6.5, 11.5 ], "texture": "#voxels_atlas" },
				"west": { "uv": [ 14.25, 12.5, 14.5, 12.75 ], "texture": "#voxels_atlas" },
				"east": { "uv": [ 15.25, 12.5, 15, 12.75 ], "texture": "#voxels_atlas" }
			}
		},
		{
			"__comment": "Voxels",
			"from": [ 8.5, 19.5, 3 ],
			"to": [ 10.5, 20, 3.5 ],
			"faces": {
				"down": { "uv": [ 5.5, 10.75, 6.5, 11 ], "texture": "#voxels_atlas" },
				"up": { "uv": [ 5.5, 10.75, 6.5, 10.5 ], "texture": "#voxels_atlas" },
				"north": { "uv": [ 7.75, 15.5, 6.75, 15.75 ], "texture": "#voxels_atlas" },
				"south": { "uv": [ 6.75, 15.25, 7.75, 15.5 ], "texture": "#voxels_atlas" },
				"west": { "uv": [ 15.25, 12.5, 15.5, 12.75 ], "texture": "#voxels_atlas" },
				"east": { "uv": [ 15.75, 12.5, 15.5, 12.75 ], "texture": "#voxels_atlas" }
			}
		},
		{
			"__comment": "Voxels",
			"from": [ 9, -1.5, 2.5 ],
			"to": [ 9.5, 1, 3 ],
			"faces": {
				"down": { "uv": [ 15.75, 12.5, 16, 12.75 ], "texture": "#voxels_atlas" },
				"up": { "uv": [ 11.25, 12, 11.5, 11.75 ], "texture": "#voxels_atlas" },
				"north": { "uv": [ 5.5, 8.5, 5.25, 9.75 ], "texture": "#voxels_atlas" },
				"south": { "uv": [ 5.5, 13.5, 5.75, 14.75 ], "texture": "#voxels_atlas" },
				"west": { "uv": [ 5.25, 13.5, 5.5, 14.75 ], "texture": "#voxels_atlas" },
				"east": { "uv": [ 5.5, 14.75, 5.25, 16 ], "texture": "#voxels_atlas" }
			}
		},
		{
			"__comment": "Voxels",
			"from": [ 9, -1.5, 3.5 ],
			"to": [ 10, -1, 4 ],
			"faces": {
				"down": { "uv": [ 13.75, 14.25, 14.25, 14.5 ], "texture": "#voxels_atlas" },
				"up": { "uv": [ 11.25, 14.5, 11.75, 14.25 ], "texture": "#voxels_atlas" },
				"north": { "uv": [ 12.25, 13.75, 11.75, 14 ], "texture": "#voxels_atlas" },
				"south": { "uv": [ 11.25, 13.75, 11.75, 14 ], "texture": "#voxels_atlas" },
				"west": { "uv": [ 11.25, 11.5, 11.5, 11.75 ], "texture": "#voxels_atlas" },
				"east": { "uv": [ 11.5, 11.25, 11.25, 11.5 ], "texture": "#voxels_atlas" }
			}
		},
		{
			"__comment": "Voxels",
			"from": [ 9, -1, 3.5 ],
			"to": [ 9.5, -0.5, 4.5 ],
			"faces": {
				"down": { "uv": [ 10.25, 8, 10.5, 8.5 ], "texture": "#voxels_atlas" },
				"up": { "uv": [ 10.25, 9, 10.5, 8.5 ], "texture": "#voxels_atlas" },
				"north": { "uv": [ 11.5, 11, 11.25, 11.25 ], "texture": "#voxels_atlas" },
				"south": { "uv": [ 11.25, 10.25, 11.5, 10.5 ], "texture": "#voxels_atlas" },
				"west": { "uv": [ 11, 13.25, 11.5, 13.5 ], "texture": "#voxels_atlas" },
				"east": { "uv": [ 14.25, 13.5, 13.75, 13.75 ], "texture": "#voxels_atlas" }
			}
		},
		{
			"__comment": "Voxels",
			"from": [ 9, 0.5, 3.5 ],
			"to": [ 9.5, 2, 4 ],
			"faces": {
				"down": { "uv": [ 11.25, 10, 11.5, 10.25 ], "texture": "#voxels_atlas" },
				"up": { "uv": [ 11.25, 10, 11.5, 9.75 ], "texture": "#voxels_atlas" },
				"north": { "uv": [ 1.75, 8.25, 1.5, 9 ], "texture": "#voxels_atlas" },
				"south": { "uv": [ 1.75, 8, 2, 8.75 ], "texture": "#voxels_atlas" },
				"west": { "uv": [ 3, 8, 3.25, 8.75 ], "texture": "#voxels_atlas" },
				"east": { "uv": [ 8.25, 10.5, 8, 11.25 ], "texture": "#voxels_atlas" }
			}
		},
		{
			"__comment": "Voxels",
			"from": [ 9, 1.5, 2 ],
			"to": [ 9.5, 2, 3.5 ],
			"faces": {
				"down": { "uv": [ 8.5, 10.75, 8.75, 11.5 ], "texture": "#voxels_atlas" },
				"up": { "uv": [ 8.25, 10.75, 8.5, 10 ], "texture": "#voxels_atlas" },
				"north": { "uv": [ 11.5, 9.5, 11.25, 9.75 ], "texture": "#voxels_atlas" },
				"south": { "uv": [ 15.5, 13.25, 15.75, 13.5 ], "texture": "#voxels_atlas" },
				"west": { "uv": [ 10.75, 15, 11.5, 15.25 ], "texture": "#voxels_atlas" },
				"east": { "uv": [ 12.25, 15, 11.5, 15.25 ], "texture": "#voxels_atlas" }
			}
		},
		{
			"__comment": "Voxels",
			"from": [ 9, 2, 3 ],
			"to": [ 10.5, 4, 3.5 ],
			"faces": {
				"down": { "uv": [ 12.25, 15, 13, 15.25 ], "texture": "#voxels_atlas" },
				"up": { "uv": [ 13, 15.25, 13.75, 15 ], "texture": "#voxels_atlas" },
				"north": { "uv": [ 0.75, 8, 0, 9 ], "texture": "#voxels_atlas" },
				"south": { "uv": [ 0.75, 12, 1.5, 13 ], "texture": "#voxels_atlas" },
				"west": { "uv": [ 7.75, 14, 8, 15 ], "texture": "#voxels_atlas" },
				"east": { "uv": [ 8, 15, 7.75, 16 ], "texture": "#voxels_atlas" }
			}
		},
		{
			"__comment": "Voxels",
			"from": [ 9, 3.5, 2.5 ],
			"to": [ 10, 4, 3 ],
			"faces": {
				"down": { "uv": [ 11.75, 14.25, 12.25, 14.5 ], "texture": "#voxels_atlas" },
				"up": { "uv": [ 12.25, 14.5, 12.75, 14.25 ], "texture": "#voxels_atlas" },
				"north": { "uv": [ 13.25, 14.25, 12.75, 14.5 ], "texture": "#voxels_atlas" },
				"south": { "uv": [ 13.25, 14.25, 13.75, 14.5 ], "texture": "#voxels_atlas" },
				"west": { "uv": [ 11.5, 11.25, 11.75, 11.5 ], "texture": "#voxels_atlas" },
				"east": { "uv": [ 11.75, 11, 11.5, 11.25 ], "texture": "#voxels_atlas" }
			}
		},
		{
			"__comment": "Voxels",
			"from": [ 9, 3.5, 3.5 ],
			"to": [ 10, 4.5, 4 ],
			"faces": {
				"down": { "uv": [ 10.5, 14, 11, 14.25 ], "texture": "#voxels_atlas" },
				"up": { "uv": [ 11, 14.25, 11.5, 14 ], "texture": "#voxels_atlas" },
				"north": { "uv": [ 7.5, 10, 7, 10.5 ], "texture": "#voxels_atlas" },
				"south": { "uv": [ 6, 8, 6.5, 8.5 ], "texture": "#voxels_atlas" },
				"west": { "uv": [ 9.75, 9.75, 10, 10.25 ], "texture": "#voxels_atlas" },
				"east": { "uv": [ 10, 9.25, 9.75, 9.75 ], "texture": "#voxels_atlas" }
			}
		},
		{
			"__comment": "Voxels",
			"from": [ 9, 4, 2.5 ],
			"to": [ 9.5, 6, 3 ],
			"faces": {
				"down": { "uv": [ 11.5, 8.25, 11.75, 8.5 ], "texture": "#voxels_atlas" },
				"up": { "uv": [ 11.5, 8.25, 11.75, 8 ], "texture": "#voxels_atlas" },
				"north": { "uv": [ 8, 10, 7.75, 11 ], "texture": "#voxels_atlas" },
				"south": { "uv": [ 7.75, 11, 8, 12 ], "texture": "#voxels_atlas" },
				"west": { "uv": [ 7.75, 12, 8, 13 ], "texture": "#voxels_atlas" },
				"east": { "uv": [ 8, 13, 7.75, 14 ], "texture": "#voxels_atlas" }
			}
		},
		{
			"__comment": "Voxels",
			"from": [ 9, 4.5, 3.5 ],
			"to": [ 9.5, 5.5, 4.5 ],
			"faces": {
				"down": { "uv": [ 10, 12.5, 10.25, 13 ], "texture": "#voxels_atlas" },
				"up": { "uv": [ 10, 12.5, 10.25, 12 ], "texture": "#voxels_atlas" },
				"north": { "uv": [ 10.25, 11.5, 10, 12 ], "texture": "#voxels_atlas" },
				"south": { "uv": [ 10, 11, 10.25, 11.5 ], "texture": "#voxels_atlas" },
				"west": { "uv": [ 11.5, 15.5, 12, 16 ], "texture": "#voxels_atlas" },
				"east": { "uv": [ 11.5, 15.5, 11, 16 ], "texture": "#voxels_atlas" }
			}
		},
		{
			"__comment": "Voxels",
			"from": [ 9, 7.5, 3 ],
			"to": [ 9.5, 8, 3.5 ],
			"faces": {
				"down": { "uv": [ 11.75, 10.75, 12, 11 ], "texture": "#voxels_atlas" },
				"up": { "uv": [ 11.75, 10.75, 12, 10.5 ], "texture": "#voxels_atlas" },
				"north": { "uv": [ 12, 10.25, 11.75, 10.5 ], "texture": "#voxels_atlas" },
				"south": { "uv": [ 11.75, 10, 12, 10.25 ], "texture": "#voxels_atlas" },
				"west": { "uv": [ 11.75, 9.25, 12, 9.5 ], "texture": "#voxels_atlas" },
				"east": { "uv": [ 12, 9, 11.75, 9.25 ], "texture": "#voxels_atlas" }
			}
		},
		{
			"__comment": "Voxels",
			"from": [ 9, 9, 3.5 ],
			"to": [ 9.5, 10.5, 4 ],
			"faces": {
				"down": { "uv": [ 11.75, 8.75, 12, 9 ], "texture": "#voxels_atlas" },
				"up": { "uv": [ 11.75, 8.75, 12, 8.5 ], "texture": "#voxels_atlas" },
				"north": { "uv": [ 8.75, 13.75, 8.5, 14.5 ], "texture": "#voxels_atlas" },
				"south": { "uv": [ 8.25, 13, 8.5, 13.75 ], "texture": "#voxels_atlas" },
				"west": { "uv": [ 8.5, 13, 8.75, 13.75 ], "texture": "#voxels_atlas" },
				"east": { "uv": [ 8.5, 12.25, 8.25, 13 ], "texture": "#voxels_atlas" }
			}
		},
		{
			"__comment": "Voxels",
			"from": [ 9, 9.5, 2.5 ],
			"to": [ 9.5, 13, 3 ],
			"faces": {
				"down": { "uv": [ 14, 11.75, 14.25, 12 ], "texture": "#voxels_atlas" },
				"up": { "uv": [ 14.25, 12, 14.5, 11.75 ], "texture": "#voxels_atlas" },
				"north": { "uv": [ 2.5, 8.75, 2.25, 10.5 ], "texture": "#voxels_atlas" },
				"south": { "uv": [ 2, 8.75, 2.25, 10.5 ], "texture": "#voxels_atlas" },
				"west": { "uv": [ 1.75, 8.75, 2, 10.5 ], "texture": "#voxels_atlas" },
				"east": { "uv": [ 3, 10.5, 2.75, 12.25 ], "texture": "#voxels_atlas" }
			}
		},
		{
			"__comment": "Voxels",
			"from": [ 9, 10, 4 ],
			"to": [ 9.5, 10.5, 4.5 ],
			"faces": {
				"down": { "uv": [ 12, 9, 12.25, 9.25 ], "texture": "#voxels_atlas" },
				"up": { "uv": [ 12, 9, 12.25, 8.75 ], "texture": "#voxels_atlas" },
				"north": { "uv": [ 12.75, 11.5, 12.5, 11.75 ], "texture": "#voxels_atlas" },
				"south": { "uv": [ 12.75, 11.5, 13, 11.75 ], "texture": "#voxels_atlas" },
				"west": { "uv": [ 13, 11.5, 13.25, 11.75 ], "texture": "#voxels_atlas" },
				"east": { "uv": [ 13.5, 11.5, 13.25, 11.75 ], "texture": "#voxels_atlas" }
			}
		},
		{
			"__comment": "Voxels",
			"from": [ 9, 11.5, 3.5 ],
			"to": [ 10, 12, 4 ],
			"faces": {
				"down": { "uv": [ 14.25, 13.75, 14.75, 14 ], "texture": "#voxels_atlas" },
				"up": { "uv": [ 14.75, 14, 15.25, 13.75 ], "texture": "#voxels_atlas" },
				"north": { "uv": [ 15.75, 13.75, 15.25, 14 ], "texture": "#voxels_atlas" },
				"south": { "uv": [ 10.25, 13.5, 10.75, 13.75 ], "texture": "#voxels_atlas" },
				"west": { "uv": [ 14.5, 11.5, 14.75, 11.75 ], "texture": "#voxels_atlas" },
				"east": { "uv": [ 15, 11.5, 14.75, 11.75 ], "texture": "#voxels_atlas" }
			}
		},
		{
			"__comment": "Voxels",
			"from": [ 9, 12, 3 ],
			"to": [ 10.5, 14, 3.5 ],
			"faces": {
				"down": { "uv": [ 13.75, 15, 14.5, 15.25 ], "texture": "#voxels_atlas" },
				"up": { "uv": [ 14.5, 15.25, 15.25, 15 ], "texture": "#voxels_atlas" },
				"north": { "uv": [ 0.75, 10, 0, 11 ], "texture": "#voxels_atlas" },
				"south": { "uv": [ 0, 9, 0.75, 10 ], "texture": "#voxels_atlas" },
				"west": { "uv": [ 6.75, 10, 7, 11 ], "texture": "#voxels_atlas" },
				"east": { "uv": [ 7.75, 14.25, 7.5, 15.25 ], "texture": "#voxels_atlas" }
			}
		},
		{
			"__comment": "Voxels",
			"from": [ 9, 13.5, 2.5 ],
			"to": [ 10.5, 14, 3 ],
			"faces": {
				"down": { "uv": [ 15.25, 15, 16, 15.25 ], "texture": "#voxels_atlas" },
				"up": { "uv": [ 8.75, 15, 9.5, 14.75 ], "texture": "#voxels_atlas" },
				"north": { "uv": [ 10.25, 14.75, 9.5, 15 ], "texture": "#voxels_atlas" },
				"south": { "uv": [ 10.25, 14.75, 11, 15 ], "texture": "#voxels_atlas" },
				"west": { "uv": [ 6.5, 10.5, 6.75, 10.75 ], "texture": "#voxels_atlas" },
				"east": { "uv": [ 8.25, 8, 8, 8.25 ], "texture": "#voxels_atlas" }
			}
		},
		{
			"__comment": "Voxels",
			"from": [ 9, 14.5, 2.5 ],
			"to": [ 11.5, 15, 3 ],
			"faces": {
				"down": { "uv": [ 4, 8.25, 5.25, 8.5 ], "texture": "#voxels_atlas" },
				"up": { "uv": [ 4, 8.75, 5.25, 8.5 ], "texture": "#voxels_atlas" },
				"north": { "uv": [ 6.75, 12.25, 5.5, 12.5 ], "texture": "#voxels_atlas" },
				"south": { "uv": [ 5.5, 12.5, 6.75, 12.75 ], "texture": "#voxels_atlas" },
				"west": { "uv": [ 14.5, 13.25, 14.75, 13.5 ], "texture": "#voxels_atlas" },
				"east": { "uv": [ 15, 13.25, 14.75, 13.5 ], "texture": "#voxels_atlas" }
			}
		},
		{
			"__comment": "Voxels",
			"from": [ 9.5, -2.5, 3 ],
			"to": [ 10, -1.5, 3.5 ],
			"faces": {
				"down": { "uv": [ 15, 13.25, 15.25, 13.5 ], "texture": "#voxels_atlas" },
				"up": { "uv": [ 15.25, 13.5, 15.5, 13.25 ], "texture": "#voxels_atlas" },
				"north": { "uv": [ 3.5, 8, 3.25, 8.5 ], "texture": "#voxels_atlas" },
				"south": { "uv": [ 10.25, 12, 10.5, 12.5 ], "texture": "#voxels_atlas" },
				"west": { "uv": [ 10.25, 11.5, 10.5, 12 ], "texture": "#voxels_atlas" },
				"east": { "uv": [ 10.5, 11, 10.25, 11.5 ], "texture": "#voxels_atlas" }
			}
		},
		{
			"__comment": "Voxels",
			"from": [ 9.5, -1, 3 ],
			"to": [ 10, 0.5, 3.5 ],
			"faces": {
				"down": { "uv": [ 10.5, 9.5, 10.75, 9.75 ], "texture": "#voxels_atlas" },
				"up": { "uv": [ 10.5, 9.5, 10.75, 9.25 ], "texture": "#voxels_atlas" },
				"north": { "uv": [ 8.75, 12.25, 8.5, 13 ], "texture": "#voxels_atlas" },
				"south": { "uv": [ 8.25, 11.5, 8.5, 12.25 ], "texture": "#voxels_atlas" },
				"west": { "uv": [ 8.5, 11.5, 8.75, 12.25 ], "texture": "#voxels_atlas" },
				"east": { "uv": [ 8.5, 10.75, 8.25, 11.5 ], "texture": "#voxels_atlas" }
			}
		},
		{
			"__comment": "Voxels",
			"from": [ 9.5, 1, 3 ],
			"to": [ 10, 2, 3.5 ],
			"faces": {
				"down": { "uv": [ 10.5, 8, 10.75, 8.25 ], "texture": "#voxels_atlas" },
				"up": { "uv": [ 10.75, 13.25, 11, 13 ], "texture": "#voxels_atlas" },
				"north": { "uv": [ 10.75, 11.25, 10.5, 11.75 ], "texture": "#voxels_atlas" },
				"south": { "uv": [ 10.5, 10.75, 10.75, 11.25 ], "texture": "#voxels_atlas" },
				"west": { "uv": [ 2.75, 12.75, 3, 13.25 ], "texture": "#voxels_atlas" },
				"east": { "uv": [ 3, 12.25, 2.75, 12.75 ], "texture": "#voxels_atlas" }
			}
		},
		{
			"__comment": "Voxels",
			"from": [ 9.5, 1.5, 2.5 ],
			"to": [ 10, 3.5, 3 ],
			"faces": {
				"down": { "uv": [ 12, 13, 12.25, 13.25 ], "texture": "#voxels_atlas" },
				"up": { "uv": [ 12.25, 13.25, 12.5, 13 ], "texture": "#voxels_atlas" },
				"north": { "uv": [ 6, 8.5, 5.75, 9.5 ], "texture": "#voxels_atlas" },
				"south": { "uv": [ 5.5, 8.5, 5.75, 9.5 ], "texture": "#voxels_atlas" },
				"west": { "uv": [ 5.75, 9.5, 6, 10.5 ], "texture": "#voxels_atlas" },
				"east": { "uv": [ 5.75, 9.5, 5.5, 10.5 ], "texture": "#voxels_atlas" }
			}
		},
		{
			"__comment": "Voxels",
			"from": [ 9.5, 1.5, 3.5 ],
			"to": [ 10, 3.5, 4 ],
			"faces": {
				"down": { "uv": [ 13.5, 13, 13.75, 13.25 ], "texture": "#voxels_atlas" },
				"up": { "uv": [ 13.75, 13.25, 14, 13 ], "texture": "#voxels_atlas" },
				"north": { "uv": [ 3, 13.25, 2.75, 14.25 ], "texture": "#voxels_atlas" },
				"south": { "uv": [ 1.5, 9, 1.75, 10 ], "texture": "#voxels_atlas" },
				"west": { "uv": [ 1.5, 10, 1.75, 11 ], "texture": "#voxels_atlas" },
				"east": { "uv": [ 1.75, 11, 1.5, 12 ], "texture": "#voxels_atlas" }
			}
		},
		{
			"__comment": "Voxels",
			"from": [ 9.5, 2, 2 ],
			"to": [ 10, 2.5, 2.5 ],
			"faces": {
				"down": { "uv": [ 15, 13, 15.25, 13.25 ], "texture": "#voxels_atlas" },
				"up": { "uv": [ 15.25, 13.25, 15.5, 13 ], "texture": "#voxels_atlas" },
				"north": { "uv": [ 15.75, 13, 15.5, 13.25 ], "texture": "#voxels_atlas" },
				"south": { "uv": [ 15.75, 13, 16, 13.25 ], "texture": "#voxels_atlas" },
				"west": { "uv": [ 10.75, 12.75, 11, 13 ], "texture": "#voxels_atlas" },
				"east": { "uv": [ 11, 12.5, 10.75, 12.75 ], "texture": "#voxels_atlas" }
			}
		},
		{
			"__comment": "Voxels",
			"from": [ 9.5, 9.5, 3.5 ],
			"to": [ 10, 10, 4 ],
			"faces": {
				"down": { "uv": [ 10.75, 12.25, 11, 12.5 ], "texture": "#voxels_atlas" },
				"up": { "uv": [ 10.75, 12.25, 11, 12 ], "texture": "#voxels_atlas" },
				"north": { "uv": [ 11, 11.75, 10.75, 12 ], "texture": "#voxels_atlas" },
				"south": { "uv": [ 10.75, 11.5, 11, 11.75 ], "texture": "#voxels_atlas" },
				"west": { "uv": [ 10.75, 11.25, 11, 11.5 ], "texture": "#voxels_atlas" },
				"east": { "uv": [ 11, 11, 10.75, 11.25 ], "texture": "#voxels_atlas" }
			}
		},
		{
			"__comment": "Voxels",
			"from": [ 9.5, 11.5, 2.5 ],
			"to": [ 10, 13.5, 3 ],
			"faces": {
				"down": { "uv": [ 10.75, 10.75, 11, 11 ], "texture": "#voxels_atlas" },
				"up": { "uv": [ 10.75, 10.75, 11, 10.5 ], "texture": "#voxels_atlas" },
				"north": { "uv": [ 1.75, 12, 1.5, 13 ], "texture": "#voxels_atlas" },
				"south": { "uv": [ 8, 14.25, 8.25, 15.25 ], "texture": "#voxels_atlas" },
				"west": { "uv": [ 7.75, 8, 8, 9 ], "texture": "#voxels_atlas" },
				"east": { "uv": [ 8, 9, 7.75, 10 ], "texture": "#voxels_atlas" }
			}
		},
		{
			"__comment": "Voxels",
			"from": [ 9.5, 12, 3.5 ],
			"to": [ 10, 14.5, 4 ],
			"faces": {
				"down": { "uv": [ 10.75, 9.25, 11, 9.5 ], "texture": "#voxels_atlas" },
				"up": { "uv": [ 10.75, 9.25, 11, 9 ], "texture": "#voxels_atlas" },
				"north": { "uv": [ 5.5, 12.25, 5.25, 13.5 ], "texture": "#voxels_atlas" },
				"south": { "uv": [ 5.25, 11, 5.5, 12.25 ], "texture": "#voxels_atlas" },
				"west": { "uv": [ 5.75, 13.5, 6, 14.75 ], "texture": "#voxels_atlas" },
				"east": { "uv": [ 5.5, 9.75, 5.25, 11 ], "texture": "#voxels_atlas" }
			}
		},
		{
			"__comment": "Voxels",
			"from": [ 9.5, 12.5, 2 ],
			"to": [ 10, 13.5, 2.5 ],
			"faces": {
				"down": { "uv": [ 11, 12.75, 11.25, 13 ], "texture": "#voxels_atlas" },
				"up": { "uv": [ 11.25, 13, 11.5, 12.75 ], "texture": "#voxels_atlas" },
				"north": { "uv": [ 6.75, 14.25, 6.5, 14.75 ], "texture": "#voxels_atlas" },
				"south": { "uv": [ 6.5, 13.75, 6.75, 14.25 ], "texture": "#voxels_atlas" },
				"west": { "uv": [ 6.5, 10, 6.75, 10.5 ], "texture": "#voxels_atlas" },
				"east": { "uv": [ 10.75, 10.25, 10.5, 10.75 ], "texture": "#voxels_atlas" }
			}
		},
		{
			"__comment": "Voxels",
			"from": [ 9.5, 14, 2.5 ],
			"to": [ 11, 14.5, 3 ],
			"faces": {
				"down": { "uv": [ 11.75, 14.75, 12.5, 15 ], "texture": "#voxels_atlas" },
				"up": { "uv": [ 12.5, 15, 13.25, 14.75 ], "texture": "#voxels_atlas" },
				"north": { "uv": [ 14, 14.75, 13.25, 15 ], "texture": "#voxels_atlas" },
				"south": { "uv": [ 14, 14.75, 14.75, 15 ], "texture": "#voxels_atlas" },
				"west": { "uv": [ 13.5, 12.75, 13.75, 13 ], "texture": "#voxels_atlas" },
				"east": { "uv": [ 14, 12.75, 13.75, 13 ], "texture": "#voxels_atlas" }
			}
		},
		{
			"__comment": "Voxels",
			"from": [ 9.5, 15, 3 ],
			"to": [ 12, 15.5, 3.5 ],
			"faces": {
				"down": { "uv": [ 5.5, 13, 6.75, 13.25 ], "texture": "#voxels_atlas" },
				"up": { "uv": [ 5.5, 13, 6.75, 12.75 ], "texture": "#voxels_atlas" },
				"north": { "uv": [ 6.75, 12, 5.5, 12.25 ], "texture": "#voxels_atlas" },
				"south": { "uv": [ 5.5, 15.5, 6.75, 15.75 ], "texture": "#voxels_atlas" },
				"west": { "uv": [ 15, 12.75, 15.25, 13 ], "texture": "#voxels_atlas" },
				"east": { "uv": [ 15.5, 12.75, 15.25, 13 ], "texture": "#voxels_atlas" }
			}
		},
		{
			"__comment": "Voxels",
			"from": [ 9.5, 18.5, 3 ],
			"to": [ 12, 19, 3.5 ],
			"faces": {
				"down": { "uv": [ 5.5, 15.25, 6.75, 15.5 ], "texture": "#voxels_atlas" },
				"up": { "uv": [ 5.5, 15.25, 6.75, 15 ], "texture": "#voxels_atlas" },
				"north": { "uv": [ 6.75, 13.25, 5.5, 13.5 ], "texture": "#voxels_atlas" },
				"south": { "uv": [ 5.5, 14.75, 6.75, 15 ], "texture": "#voxels_atlas" },
				"west": { "uv": [ 11, 12, 11.25, 12.25 ], "texture": "#voxels_atlas" },
				"east": { "uv": [ 11.25, 11.75, 11, 12 ], "texture": "#voxels_atlas" }
			}
		},
		{
			"__comment": "Voxels",
			"from": [ 9.5, 20, 3 ],
			"to": [ 10, 20.5, 3.5 ],
			"faces": {
				"down": { "uv": [ 11, 11.5, 11.25, 11.75 ], "texture": "#voxels_atlas" },
				"up": { "uv": [ 11, 11.5, 11.25, 11.25 ], "texture": "#voxels_atlas" },
				"north": { "uv": [ 11.25, 11, 11, 11.25 ], "texture": "#voxels_atlas" },
				"south": { "uv": [ 11, 10.75, 11.25, 11 ], "texture": "#voxels_atlas" },
				"west": { "uv": [ 11, 10.5, 11.25, 10.75 ], "texture": "#voxels_atlas" },
				"east": { "uv": [ 11.25, 10.25, 11, 10.5 ], "texture": "#voxels_atlas" }
			}
		},
		{
			"__comment": "Voxels",
			"from": [ 10, 2.5, 2.5 ],
			"to": [ 10.5, 3.5, 3 ],
			"faces": {
				"down": { "uv": [ 11, 10, 11.25, 10.25 ], "texture": "#voxels_atlas" },
				"up": { "uv": [ 12.5, 12.25, 12.75, 12 ], "texture": "#voxels_atlas" },
				"north": { "uv": [ 9.75, 9, 9.5, 9.5 ], "texture": "#voxels_atlas" },
				"south": { "uv": [ 9.5, 8.5, 9.75, 9 ], "texture": "#voxels_atlas" },
				"west": { "uv": [ 9.5, 8, 9.75, 8.5 ], "texture": "#voxels_atlas" },
				"east": { "uv": [ 10, 13.75, 9.75, 14.25 ], "texture": "#voxels_atlas" }
			}
		},
		{
			"__comment": "Voxels",
			"from": [ 10, 13, 2.5 ],
			"to": [ 10.5, 13.5, 3 ],
			"faces": {
				"down": { "uv": [ 11, 8.5, 11.25, 8.75 ], "texture": "#voxels_atlas" },
				"up": { "uv": [ 11, 8.5, 11.25, 8.25 ], "texture": "#voxels_atlas" },
				"north": { "uv": [ 11.25, 8, 11, 8.25 ], "texture": "#voxels_atlas" },
				"south": { "uv": [ 11.25, 12.5, 11.5, 12.75 ], "texture": "#voxels_atlas" },
				"west": { "uv": [ 11.5, 12.5, 11.75, 12.75 ], "texture": "#voxels_atlas" },
				"east": { "uv": [ 12, 12.5, 11.75, 12.75 ], "texture": "#voxels_atlas" }
			}
		},
		{
			"__comment": "Voxels",
			"from": [ 10, 14, 3.5 ],
			"to": [ 10.5, 14.5, 4 ],
			"faces": {
				"down": { "uv": [ 12, 12.5, 12.25, 12.75 ], "texture": "#voxels_atlas" },
				"up": { "uv": [ 12.25, 12.75, 12.5, 12.5 ], "texture": "#voxels_atlas" },
				"north": { "uv": [ 12.75, 12.5, 12.5, 12.75 ], "texture": "#voxels_atlas" },
				"south": { "uv": [ 12.75, 12.5, 13, 12.75 ], "texture": "#voxels_atlas" },
				"west": { "uv": [ 13, 12.5, 13.25, 12.75 ], "texture": "#voxels_atlas" },
				"east": { "uv": [ 13.5, 12.5, 13.25, 12.75 ], "texture": "#voxels_atlas" }
			}
		},
		{
			"__comment": "Voxels",
			"from": [ 10, 15, 2.5 ],
			"to": [ 12, 15.5, 3 ],
			"faces": {
				"down": { "uv": [ 10, 15.75, 11, 16 ], "texture": "#voxels_atlas" },
				"up": { "uv": [ 6.75, 8.25, 7.75, 8 ], "texture": "#voxels_atlas" },
				"north": { "uv": [ 7.75, 8.25, 6.75, 8.5 ], "texture": "#voxels_atlas" },
				"south": { "uv": [ 6.75, 9, 7.75, 9.25 ], "texture": "#voxels_atlas" },
				"west": { "uv": [ 14.5, 12.5, 14.75, 12.75 ], "texture": "#voxels_atlas" },
				"east": { "uv": [ 15, 12.5, 14.75, 12.75 ], "texture": "#voxels_atlas" }
			}
		},
		{
			"__comment": "Voxels",
			"from": [ 10, 15, 3.5 ],
			"to": [ 11.5, 15.5, 4 ],
			"faces": {
				"down": { "uv": [ 14.75, 14.75, 15.5, 15 ], "texture": "#voxels_atlas" },
				"up": { "uv": [ 8.75, 14.75, 9.5, 14.5 ], "texture": "#voxels_atlas" },
				"north": { "uv": [ 10.25, 14.5, 9.5, 14.75 ], "texture": "#voxels_atlas" },
				"south": { "uv": [ 10.25, 14.5, 11, 14.75 ], "texture": "#voxels_atlas" },
				"west": { "uv": [ 11.25, 12.25, 11.5, 12.5 ], "texture": "#voxels_atlas" },
				"east": { "uv": [ 11.5, 12, 11.25, 12.25 ], "texture": "#voxels_atlas" }
			}
		},
		{
			"__comment": "Voxels",
			"from": [ 10, 15.5, 3 ],
			"to": [ 13, 16, 3.5 ],
			"faces": {
				"down": { "uv": [ 3, 10.75, 4.5, 11 ], "texture": "#voxels_atlas" },
				"up": { "uv": [ 3, 12.5, 4.5, 12.25 ], "texture": "#voxels_atlas" },
				"north": { "uv": [ 4.5, 12.5, 3, 12.75 ], "texture": "#voxels_atlas" },
				"south": { "uv": [ 3.75, 11.5, 5.25, 11.75 ], "texture": "#voxels_atlas" },
				"west": { "uv": [ 11.25, 10.75, 11.5, 11 ], "texture": "#voxels_atlas" },
				"east": { "uv": [ 11.5, 10.5, 11.25, 10.75 ], "texture": "#voxels_atlas" }
			}
		},
		{
			"__comment": "Voxels",
			"from": [ 10, 18, 3 ],
			"to": [ 13, 18.5, 3.5 ],
			"faces": {
				"down": { "uv": [ 3, 12.75, 4.5, 13 ], "texture": "#voxels_atlas" },
				"up": { "uv": [ 3, 12.25, 4.5, 12 ], "texture": "#voxels_atlas" },
				"north": { "uv": [ 4.75, 10, 3.25, 10.25 ], "texture": "#voxels_atlas" },
				"south": { "uv": [ 3, 10.5, 4.5, 10.75 ], "texture": "#voxels_atlas" },
				"west": { "uv": [ 11.25, 9.25, 11.5, 9.5 ], "texture": "#voxels_atlas" },
				"east": { "uv": [ 11.5, 9, 11.25, 9.25 ], "texture": "#voxels_atlas" }
			}
		},
		{
			"__comment": "Voxels",
			"from": [ 10, 18.5, 2.5 ],
			"to": [ 12, 19, 3 ],
			"faces": {
				"down": { "uv": [ 6.75, 15.75, 7.75, 16 ], "texture": "#voxels_atlas" },
				"up": { "uv": [ 5.5, 11.25, 6.5, 11 ], "texture": "#voxels_atlas" },
				"north": { "uv": [ 13.5, 15.75, 12.5, 16 ], "texture": "#voxels_atlas" },
				"south": { "uv": [ 12.5, 15.5, 13.5, 15.75 ], "texture": "#voxels_atlas" },
				"west": { "uv": [ 11.5, 12.25, 11.75, 12.5 ], "texture": "#voxels_atlas" },
				"east": { "uv": [ 12, 12.25, 11.75, 12.5 ], "texture": "#voxels_atlas" }
			}
		},
		{
			"__comment": "Voxels",
			"from": [ 10, 18.5, 3.5 ],
			"to": [ 11.5, 19, 4 ],
			"faces": {
				"down": { "uv": [ 12.5, 14.5, 13.25, 14.75 ], "texture": "#voxels_atlas" },
				"up": { "uv": [ 13.25, 14.75, 14, 14.5 ], "texture": "#voxels_atlas" },
				"north": { "uv": [ 14.75, 14.5, 14, 14.75 ], "texture": "#voxels_atlas" },
				"south": { "uv": [ 14.75, 14.5, 15.5, 14.75 ], "texture": "#voxels_atlas" },
				"west": { "uv": [ 13, 12.25, 13.25, 12.5 ], "texture": "#voxels_atlas" },
				"east": { "uv": [ 13.5, 12.25, 13.25, 12.5 ], "texture": "#voxels_atlas" }
			}
		},
		{
			"__comment": "Voxels",
			"from": [ 10, 19.5, 3.5 ],
			"to": [ 11, 20, 4 ],
			"faces": {
				"down": { "uv": [ 15, 14, 15.5, 14.25 ], "texture": "#voxels_atlas" },
				"up": { "uv": [ 15.5, 14.25, 16, 14 ], "texture": "#voxels_atlas" },
				"north": { "uv": [ 10.75, 13.75, 10.25, 14 ], "texture": "#voxels_atlas" },
				"south": { "uv": [ 10.75, 13.75, 11.25, 14 ], "texture": "#voxels_atlas" },
				"west": { "uv": [ 14.5, 12.25, 14.75, 12.5 ], "texture": "#voxels_atlas" },
				"east": { "uv": [ 15, 12.25, 14.75, 12.5 ], "texture": "#voxels_atlas" }
			}
		},
		{
			"__comment": "Voxels",
			"from": [ 10.5, 13.5, 3 ],
			"to": [ 11, 14, 3.5 ],
			"faces": {
				"down": { "uv": [ 15, 12.25, 15.25, 12.5 ], "texture": "#voxels_atlas" },
				"up": { "uv": [ 15.25, 12.5, 15.5, 12.25 ], "texture": "#voxels_atlas" },
				"north": { "uv": [ 15.75, 12.25, 15.5, 12.5 ], "texture": "#voxels_atlas" },
				"south": { "uv": [ 15.75, 12.25, 16, 12.5 ], "texture": "#voxels_atlas" },
				"west": { "uv": [ 11.5, 12, 11.75, 12.25 ], "texture": "#voxels_atlas" },
				"east": { "uv": [ 11.75, 11.75, 11.5, 12 ], "texture": "#voxels_atlas" }
			}
		},
		{
			"__comment": "Voxels",
			"from": [ 10.5, 15.5, 2.5 ],
			"to": [ 12.5, 16, 3 ],
			"faces": {
				"down": { "uv": [ 13.5, 15.75, 14.5, 16 ], "texture": "#voxels_atlas" },
				"up": { "uv": [ 13.5, 15.75, 14.5, 15.5 ], "texture": "#voxels_atlas" },
				"north": { "uv": [ 15.5, 15.75, 14.5, 16 ], "texture": "#voxels_atlas" },
				"south": { "uv": [ 14.5, 15.5, 15.5, 15.75 ], "texture": "#voxels_atlas" },
				"west": { "uv": [ 11.5, 10.5, 11.75, 10.75 ], "texture": "#voxels_atlas" },
				"east": { "uv": [ 11.75, 10.25, 11.5, 10.5 ], "texture": "#voxels_atlas" }
			}
		},
		{
			"__comment": "Voxels",
			"from": [ 10.5, 15.5, 3.5 ],
			"to": [ 12, 16, 4 ],
			"faces": {
				"down": { "uv": [ 11, 14.75, 11.75, 15 ], "texture": "#voxels_atlas" },
				"up": { "uv": [ 8.75, 13.5, 9.5, 13.25 ], "texture": "#voxels_atlas" },
				"north": { "uv": [ 9.5, 13, 8.75, 13.25 ], "texture": "#voxels_atlas" },
				"south": { "uv": [ 8.75, 12.75, 9.5, 13 ], "texture": "#voxels_atlas" },
				"west": { "uv": [ 11.5, 9, 11.75, 9.25 ], "texture": "#voxels_atlas" },
				"east": { "uv": [ 11.75, 8.75, 11.5, 9 ], "texture": "#voxels_atlas" }
			}
		},
		{
			"__comment": "Voxels",
			"from": [ 10.5, 16, 3 ],
			"to": [ 12.5, 18, 3.5 ],
			"faces": {
				"down": { "uv": [ 8, 15.25, 9, 15.5 ], "texture": "#voxels_atlas" },
				"up": { "uv": [ 9, 15.5, 10, 15.25 ], "texture": "#voxels_atlas" },
				"north": { "uv": [ 1.75, 15, 0.75, 16 ], "texture": "#voxels_atlas" },
				"south": { "uv": [ 0.75, 14, 1.75, 15 ], "texture": "#voxels_atlas" },
				"west": { "uv": [ 8, 12.25, 8.25, 13.25 ], "texture": "#voxels_atlas" },
				"east": { "uv": [ 8.25, 11.25, 8, 12.25 ], "texture": "#voxels_atlas" }
			}
		},
		{
			"__comment": "Voxels",
			"from": [ 10.5, 18, 2.5 ],
			"to": [ 12.5, 18.5, 3 ],
			"faces": {
				"down": { "uv": [ 10, 15.5, 11, 15.75 ], "texture": "#voxels_atlas" },
				"up": { "uv": [ 10, 15.5, 11, 15.25 ], "texture": "#voxels_atlas" },
				"north": { "uv": [ 12, 15.25, 11, 15.5 ], "texture": "#voxels_atlas" },
				"south": { "uv": [ 12, 15.25, 13, 15.5 ], "texture": "#voxels_atlas" },
				"west": { "uv": [ 13.5, 12, 13.75, 12.25 ], "texture": "#voxels_atlas" },
				"east": { "uv": [ 14, 12, 13.75, 12.25 ], "texture": "#voxels_atlas" }
			}
		},
		{
			"__comment": "Voxels",
			"from": [ 10.5, 18, 3.5 ],
			"to": [ 12, 18.5, 4 ],
			"faces": {
				"down": { "uv": [ 8.75, 11, 9.5, 11.25 ], "texture": "#voxels_atlas" },
				"up": { "uv": [ 8.75, 11, 9.5, 10.75 ], "texture": "#voxels_atlas" },
				"north": { "uv": [ 9.5, 10.5, 8.75, 10.75 ], "texture": "#voxels_atlas" },
				"south": { "uv": [ 8.75, 10.25, 9.5, 10.5 ], "texture": "#voxels_atlas" },
				"west": { "uv": [ 15, 12, 15.25, 12.25 ], "texture": "#voxels_atlas" },
				"east": { "uv": [ 15.5, 12, 15.25, 12.25 ], "texture": "#voxels_atlas" }
			}
		},
		{
			"__comment": "Voxels",
			"from": [ 11, 14.5, 2 ],
			"to": [ 11.5, 15, 2.5 ],
			"faces": {
				"down": { "uv": [ 15.5, 12, 15.75, 12.25 ], "texture": "#voxels_atlas" },
				"up": { "uv": [ 15.75, 12.25, 16, 12 ], "texture": "#voxels_atlas" },
				"north": { "uv": [ 12, 11.75, 11.75, 12 ], "texture": "#voxels_atlas" },
				"south": { "uv": [ 11.75, 11.5, 12, 11.75 ], "texture": "#voxels_atlas" },
				"west": { "uv": [ 11.75, 11.25, 12, 11.5 ], "texture": "#voxels_atlas" },
				"east": { "uv": [ 12, 11, 11.75, 11.25 ], "texture": "#voxels_atlas" }
			}
		},
		{
			"__comment": "Voxels",
			"from": [ 11, 16, 2.5 ],
			"to": [ 12.5, 16.5, 3 ],
			"faces": {
				"down": { "uv": [ 8.75, 10, 9.5, 10.25 ], "texture": "#voxels_atlas" },
				"up": { "uv": [ 8.75, 10, 9.5, 9.75 ], "texture": "#voxels_atlas" },
				"north": { "uv": [ 9.5, 9.5, 8.75, 9.75 ], "texture": "#voxels_atlas" },
				"south": { "uv": [ 8.75, 9.25, 9.5, 9.5 ], "texture": "#voxels_atlas" },
				"west": { "uv": [ 11.75, 9.75, 12, 10 ], "texture": "#voxels_atlas" },
				"east": { "uv": [ 12, 9.5, 11.75, 9.75 ], "texture": "#voxels_atlas" }
			}
		},
		{
			"__comment": "Voxels",
			"from": [ 11, 16, 3.5 ],
			"to": [ 13, 16.5, 4 ],
			"faces": {
				"down": { "uv": [ 13, 15.25, 14, 15.5 ], "texture": "#voxels_atlas" },
				"up": { "uv": [ 14, 15.5, 15, 15.25 ], "texture": "#voxels_atlas" },
				"north": { "uv": [ 16, 15.25, 15, 15.5 ], "texture": "#voxels_atlas" },
				"south": { "uv": [ 8.25, 15, 9.25, 15.25 ], "texture": "#voxels_atlas" },
				"west": { "uv": [ 11.75, 8.25, 12, 8.5 ], "texture": "#voxels_atlas" },
				"east": { "uv": [ 12, 8, 11.75, 8.25 ], "texture": "#voxels_atlas" }
			}
		},
		{
			"__comment": "Voxels",
			"from": [ 11, 16.5, 2.5 ],
			"to": [ 11.5, 18, 3 ],
			"faces": {
				"down": { "uv": [ 12, 11.75, 12.25, 12 ], "texture": "#voxels_atlas" },
				"up": { "uv": [ 12.25, 12, 12.5, 11.75 ], "texture": "#voxels_atlas" },
				"north": { "uv": [ 8.5, 8.5, 8.25, 9.25 ], "texture": "#voxels_atlas" },
				"south": { "uv": [ 8.5, 8.5, 8.75, 9.25 ], "texture": "#voxels_atlas" },
				"west": { "uv": [ 8.75, 8, 9, 8.75 ], "texture": "#voxels_atlas" },
				"east": { "uv": [ 9.25, 8, 9, 8.75 ], "texture": "#voxels_atlas" }
			}
		},
		{
			"__comment": "Voxels",
			"from": [ 11, 16.5, 3.5 ],
			"to": [ 11.5, 18, 4 ],
			"faces": {
				"down": { "uv": [ 13.5, 11.75, 13.75, 12 ], "texture": "#voxels_atlas" },
				"up": { "uv": [ 13.75, 12, 14, 11.75 ], "texture": "#voxels_atlas" },
				"north": { "uv": [ 9.5, 8, 9.25, 8.75 ], "texture": "#voxels_atlas" },
				"south": { "uv": [ 9.5, 13.75, 9.75, 14.5 ], "texture": "#voxels_atlas" },
				"west": { "uv": [ 9.5, 13, 9.75, 13.75 ], "texture": "#voxels_atlas" },
				"east": { "uv": [ 9.75, 12.25, 9.5, 13 ], "texture": "#voxels_atlas" }
			}
		},
		{
			"__comment": "Voxels",
			"from": [ 11, 19.5, 3 ],
			"to": [ 11.5, 20, 3.5 ],
			"faces": {
				"down": { "uv": [ 15, 11.75, 15.25, 12 ], "texture": "#voxels_atlas" },
				"up": { "uv": [ 15.25, 12, 15.5, 11.75 ], "texture": "#voxels_atlas" },
				"north": { "uv": [ 15.75, 11.75, 15.5, 12 ], "texture": "#voxels_atlas" },
				"south": { "uv": [ 15.75, 11.75, 16, 12 ], "texture": "#voxels_atlas" },
				"west": { "uv": [ 12, 11.5, 12.25, 11.75 ], "texture": "#voxels_atlas" },
				"east": { "uv": [ 12.25, 11.25, 12, 11.5 ], "texture": "#voxels_atlas" }
			}
		},
		{
			"__comment": "Voxels",
			"from": [ 11.5, 17.5, 2.5 ],
			"to": [ 12, 18, 3 ],
			"faces": {
				"down": { "uv": [ 12, 11, 12.25, 11.25 ], "texture": "#voxels_atlas" },
				"up": { "uv": [ 12, 11, 12.25, 10.75 ], "texture": "#voxels_atlas" },
				"north": { "uv": [ 12.25, 10.5, 12, 10.75 ], "texture": "#voxels_atlas" },
				"south": { "uv": [ 12, 10.25, 12.25, 10.5 ], "texture": "#voxels_atlas" },
				"west": { "uv": [ 12, 10, 12.25, 10.25 ], "texture": "#voxels_atlas" },
				"east": { "uv": [ 12.25, 9.75, 12, 10 ], "texture": "#voxels_atlas" }
			}
		},
		{
			"__comment": "Voxels",
			"from": [ 11.5, 17.5, 3.5 ],
			"to": [ 12.5, 18, 4 ],
			"faces": {
				"down": { "uv": [ 11.5, 13.25, 12, 13.5 ], "texture": "#voxels_atlas" },
				"up": { "uv": [ 12, 13.5, 12.5, 13.25 ], "texture": "#voxels_atlas" },
				"north": { "uv": [ 13, 13.25, 12.5, 13.5 ], "texture": "#voxels_atlas" },
				"south": { "uv": [ 13, 13.25, 13.5, 13.5 ], "texture": "#voxels_atlas" },
				"west": { "uv": [ 12, 8.5, 12.25, 8.75 ], "texture": "#voxels_atlas" },
				"east": { "uv": [ 12.25, 8.25, 12, 8.5 ], "texture": "#voxels_atlas" }
			}
		},
		{
			"__comment": "Voxels",
			"from": [ 12, 16.5, 2.5 ],
			"to": [ 12.5, 17.5, 3 ],
			"faces": {
				"down": { "uv": [ 12, 8, 12.25, 8.25 ], "texture": "#voxels_atlas" },
				"up": { "uv": [ 12.25, 11.75, 12.5, 11.5 ], "texture": "#voxels_atlas" },
				"north": { "uv": [ 10.5, 10.5, 10.25, 11 ], "texture": "#voxels_atlas" },
				"south": { "uv": [ 10.25, 10, 10.5, 10.5 ], "texture": "#voxels_atlas" },
				"west": { "uv": [ 10.25, 9.5, 10.5, 10 ], "texture": "#voxels_atlas" },
				"east": { "uv": [ 10.5, 9, 10.25, 9.5 ], "texture": "#voxels_atlas" }
			}
		},
		{
			"__comment": "Voxels",
			"from": [ 12, 16.5, 3.5 ],
			"to": [ 13, 17.5, 4 ],
			"faces": {
				"down": { "uv": [ 13.5, 13.25, 14, 13.5 ], "texture": "#voxels_atlas" },
				"up": { "uv": [ 14, 13.5, 14.5, 13.25 ], "texture": "#voxels_atlas" },
				"north": { "uv": [ 16, 15.5, 15.5, 16 ], "texture": "#voxels_atlas" },
				"south": { "uv": [ 8.25, 14.5, 8.75, 15 ], "texture": "#voxels_atlas" },
				"west": { "uv": [ 10.5, 12.75, 10.75, 13.25 ], "texture": "#voxels_atlas" },
				"east": { "uv": [ 10.75, 12.25, 10.5, 12.75 ], "texture": "#voxels_atlas" }
			}
		},
		{
			"__comment": "Voxels",
			"from": [ 12.5, 16.5, 3 ],
			"to": [ 13, 18, 3.5 ],
			"faces": {
				"down": { "uv": [ 15, 11.5, 15.25, 11.75 ], "texture": "#voxels_atlas" },
				"up": { "uv": [ 15.25, 11.75, 15.5, 11.5 ], "texture": "#voxels_atlas" },
				"north": { "uv": [ 9.75, 11.5, 9.5, 12.25 ], "texture": "#voxels_atlas" },
				"south": { "uv": [ 9.5, 10.75, 9.75, 11.5 ], "texture": "#voxels_atlas" },
				"west": { "uv": [ 9.5, 10, 9.75, 10.75 ], "texture": "#voxels_atlas" },
				"east": { "uv": [ 8.25, 9.75, 8, 10.5 ], "texture": "#voxels_atlas" }
			}
		},
		{
			"__comment": "Voxels",
			"from": [ 13, 17.5, 3 ],
			"to": [ 13.5, 18, 3.5 ],
			"faces": {
				"down": { "uv": [ 12.25, 10.75, 12.5, 11 ], "texture": "#voxels_atlas" },
				"up": { "uv": [ 12.25, 10.75, 12.5, 10.5 ], "texture": "#voxels_atlas" },
				"north": { "uv": [ 12.5, 10.25, 12.25, 10.5 ], "texture": "#voxels_atlas" },
				"south": { "uv": [ 12.25, 10, 12.5, 10.25 ], "texture": "#voxels_atlas" },
				"west": { "uv": [ 12.25, 9.75, 12.5, 10 ], "texture": "#voxels_atlas" },
				"east": { "uv": [ 12.5, 9.5, 12.25, 9.75 ], "texture": "#voxels_atlas" }
			}
		}
	],
	"display": {
		"thirdperson_righthand": {
			"rotation":  [ -32, 0, 0 ],
			"translation":  [ -1, 3.4795, 1.5716 ],
			"scale":  [ 0.7, 0.7, 0.7 ]
		},
		"thirdperson_lefthand": {
			"rotation":  [ -32, 180, 0 ],
			"translation":  [ -1, 0.6973, -3.476 ],
			"scale":  [ 0.7, 0.7, 0.7 ]
		},
		"firstperson_righthand": {
			"rotation":  [ 16, -74, 32 ],
			"translation":  [ -0.695, 0.6955, 0.7972 ],
			"scale":  [ 0.7, 0.7, 0.7 ]
		},
		"firstperson_lefthand": {
			"rotation":  [ -33, 106, 8 ],
			"translation":  [ 5.5652, 0.6954, -0.695 ],
			"scale":  [ 0.7, 0.7, 0.7 ]
		},
		"gui": {
			"rotation":  [ 0, 0, -45 ],
			"translation":  [ 0, 0.6963, 0.6956 ],
			"scale":  [ 0.5, 0.5, 0.5 ]
		},
		"head": {
			"rotation":  [ 0, 2, 0 ],
			"translation":  [ 0, 8.3478, 0 ]
		},
		"ground": {
			"rotation":  [ 0, 0, -30 ],
			"translation":  [ 0, 3, 0 ],
			"scale":  [ 0.25, 0.25, 0.25 ]
		},
		"fixed": {
			"rotation":  [ 0, 0, 45 ],
			"translation":  [ -0.695, 0, 2.7826 ],
			"scale":  [ 0.7, 0.7, 0.7 ]
		}
	}
}